brand,title,size,price
Pepsi,Max Soft Drink 375mL,24 pack on special,14.70
Pepsi,Multipack Cans 375mL,10 pack,12.40
Pepsi,Max Soft Drink 375mL Can,30 pack,19.00
Pepsi,Max Multipack Cans 375mL,10 pack,12.40
Mountain Dew,Soft Drink,2L,2.15
Mountain Dew,Multipack Cans 375mL,10 pack,12.40
Schweppes,7Up Lemonade,1.25L,2.35
Mountain Dew,Caffeinated Citrus,1.25L,2.35
Pepsi,Cola Soft Drink,2L,2.15
Coca-Cola,Classic Coke,2L,2.85
Coca-Cola,Sprite Soft Drink Lemon Lime,1.25L on special,1.65
Pepsi,Cola Soft Drink,1.25L,2.35
Schweppes,Solo Lemon Drink,1.25L,2.35
Coca-Cola,Classic Coke,1.25L on special,1.95
Coca-Cola,No Sugar Soft Drink Coke 375mL,24 pack,33.00
Que,Cola Soft Drink,1.25L everyday product,1.00
Coca-Cola,Diet Coke Soft Drink,1.25L on special,1.95
Fanta,Orange,1.25L on special,1.65
Schweppes,Lemonade,2L,2.15
Coca-Cola,Diet Coke,2L,2.85
Kirks,Pasito Flavour Drink,1.25L,2.00
Coca Cola,No Sugar Soft Drink Coke,1.25L on special,1.95
Kirks,Ginger Beer,1.25L,2.00
Schweppes,Raspberry Flavoured Drink,1.1L,2.15
Solo,Zero Sugar Lemon Flavour Drink,1.25L,2.35
Coles,Lime Soft Drink,1.25L everyday product,1.00
Coles,Diet Lemonade Soft Drink,1.25L everyday product,1.00
Coles,Pineapple Drink,1.25L everyday product,1.00
Coles,Lemon Flavoured Drink,1.25L everyday product,1.00
Coles,Raspberry Flavoured Drink,1.25L everyday product,1.00
Coles,Orange Flavour Drink,1.25L everyday product,1.00
Kirks,Creaming Soda,1.25L,2.00
Coles,Lemonade,1.25L everyday product,1.00
Kirks,Lemonade,1.25L,2.00
Schweppes,Lemonade,1.1L,2.15
Pepsi,Max Soft Drink,2L,2.15
Pepsi,Max Soft Drink,1.25L,2.35
Sunkist,Orange Crush,1.25L,2.35
Schweppes,Sunkist Sugar Free Diet Orange Crush,1.25L,2.35
Coca-Cola,Vanilla Flavour Coke,1.25L on special,1.95
Coca-Cola,No Sugar Coke,2L,2.85
Que Cola,No Sugar Cola,1.25L everyday product,1.00
Schweppes,Zero Sugar Lemonade,1.1L,2.15
La Ice,Soft Drink Cola,2L everyday product,1.60
Coles,Soft Drink Diet Raspberry,1.25L everyday product,1.00
Coles,Diet Lime Soft Drink,1.25L everyday product,1.00
Mountain Dew,Soft Drink,2L,2.15
Schweppes,Sarsaparilla,1.1L,2.15
Schweppes,Brown Cream Soda,1.1L,2.15
Kirks,Sugar Free Lemonade,1.25L,2.00
Mountain Dew,Caffeinated Citrus,1.25L,2.35
Fanta,Orange,2L,2.35
Schweppes,Lemonade Multipack Mini Cans 200mL,6 pack on special,5.00
Sanpellegrino,Aranciata Rossa Drink Cans,4 pack,6.00
Pepsi,Max Multipack Mini Cans 200mL,6 pack on special,5.00
Fanta,Orange Flavour Multipack Cans 375mL,10 pack on special,8.60
Waterford's,Lemon Lime Bitters Lite & Fruity Sparkling Mineral Water,1L,1.95
Nexba,Pineapple Flavoured Sparkling Infusion,1L,2.65
Pepsi,Max Soft Drink 375mL,24 pack on special,14.70
Coca-Cola,Soft Drink Diet Coke 375mL,24 pack,33.00
Coca-Cola,Soft Drink Coke 375mL,24 pack,33.00
Pepsi,Soft Drink 10x375ml Soft Drink Max Mango,10 pack,12.40
Waterford's,Lite & Fruity Apple Berry Sparkling natural Mineral Water,1L,1.95
Solo,Lemon Mini Multipack Cans 200mL,6 pack on special,5.00
Coca-Cola,No Sugar Soft Drink Sprite,1.25L on special,1.65
Coca Cola,No Sugar Soft Drink,6 pack new product,8.40
Nexba,Sugar Free Creaming Soda Sparkling Infusion,1L,2.65
Schweppes,Zero Sugar Solo Soft Drink,on special,14.70
Waterford's,Tahitian Lime Lite & Fruity Sparkling Mineral Water,1L,1.95
Sunkist,Orange Multipack Mini Cans 200mL,6 pack on special,5.00
Coca-Cola,No Sugar Coke Multipack 300mL,12 pack,15.90
Kirks,Pasito Sugar Free Soft Drink 375mL,10 pack new product,6.20
Coca-Cola,Sprite Soft Drink Lemon Lime,2L,2.35
Schweppes,Sunkist Zero Sugar Soft Drink,on special,14.70
Mountain Dew,Soft Drink No Sugar,1.25L,2.35
Pepsi,Vanilla Soft Drink,2L,2.15
La Ice,No Sugar Cola Soft Drink,2L everyday product,1.60
Pepsi,Caffeine Free Diet Cola,1.25L,2.35
Coca Cola,No Sugar Soft Drink Caffeine Free,1.25L on special,1.95
Schweppes,Lemonade Multipack Cans 375mL,24 pack on special,14.70
Coca-Cola,Sprite Soft Drink Lemon Lime 375mL,10 Pack on special,8.60
Kirks,Pasito Multipack Cans 375 mL,10 Pack,6.20
Sprite,Lemon Lime Natural Flavour Soft Drink Mini Cans 200mL,8 Pack on special,5.00
Pepsi,Max Multipack Cans 375mL,10 pack,12.40
Coca-Cola,Diet Coke Multipack Cans 375mL,10 pack on special,8.60
Kirks,Creaming Soda Multipack cans 375mL,10 pack,6.20
Coca-Cola,Classic Coke Multipack Cans 375mL,10 Pack on special,8.60
Kirks,Lemonade Multipack Cans 375mL,10 pack,6.20
Pepsi,Multipack Cans 375mL,10 pack,12.40
Solo,Lemon Flavour Multipack Cans 375mL,10 pack,12.40
Kirks,Sugar Free Lemonade Multipack Cans 375 mL,10 Pack,6.20
Coca-Cola,No Sugar Coke Multipack Cans 375mL,10 Pack on special,8.60
Solo,Soft Drink Zero Sugar,,2.15
Coca Cola,No Sugar Fanta Soft Drink,1.25L on special,1.65
Kirks,Soft Drink Pasito Sugar Free,1.25 LITRE new product,2.00
Coca Cola,Soft Drink,6 pack new product,8.40
Nexba,Sparkling Infusion Sugar Free Orange,1L,2.65
Coca-Cola,Classic Coke Multipack 300mL,12 pack,15.90
Sunkist,Zero Sugar Soft Drink Orange Crush,,2.15
Coca-Cola,Sprite No Sugar Soft Drink Lemon Lime 375mL,10 pack on special,8.60
Coca-Cola,Vanilla Flavour Coke Multipack Cans 375mL,10 pack on special,8.60
Schweppes,Pink Lemonade Zero Soft Drink,,2.15
Schweppes,Orange Sunkist Soft Drink,30 PACK,19.00
Nexba,Soft Drink Orange,10 pack on special,8.70
Coca Cola,Sprite No Sugar Soft Drink Lemon Lime,2L new product,2.35
Coca Cola,Lemon Lime No Sugar Soft Drink,6 pack new product,8.40
Pepsi,Cola Soft Drink 375mL,30 pack,19.00
Coca-Cola,Classic Coke Multipack Cans 375mL,30 Pack on special,22.75
Coca-Cola,No Sugar Coke Multipack Cans 375mL,30 Pack on special,22.75
Solo,Original Lemon Flavour Zero Sugar Multipack Can 375mL,10 pack,12.40
Kirks,Lemon Squash Multipack Cans 375 mL,10 Pack,6.20
Nexba,Sparkling Infusion Sugar Free Lemon Squash,1L,2.65
Pepsi,Max Vanilla Multipack Cans 375mL,10 pack,12.40
Pepsi,Max Soft Drink 375mL Can,30 pack,19.00
Solo,Original Lemon Thirst Crusher Multipack Cans 375mL,30 pack,19.00
Coca-Cola,Diet Coke Multipack Cans 375mL,30 pack on special,22.75
Kirks,Sugar Free Lemon Squash Multipack Cans 375 mL,10 Pack,6.20
Mountain Dew,Multipack Cans 375mL,10 pack,12.40
Coles,Soft Drink Diet Lemon,1.25L everyday product,1.00
Coca Cola,Soft Drink Vanilla 250mL,6 pack new product,8.40
Schweppes,Zero Sugar Raspberry,1.1L,2.15
Schweppes,7Up Lemonade,1.25L,2.35
Sunkist,Zero Sugar Soft Drink 375mL,10 pack,12.40
Coca Cola,No Sugar Soft Drink Fanta,10 pack on special,8.60
Coca-Cola,Vanilla Flavour No Sugar Coke,1.25L on special,1.95
Schweppes,Lemonade 375mL Cans,30 pack,19.00
Coca Cola,No Sugar Vanilla,10 pack on special,8.60
Sanpellegrino,Chinotto Drink Cans,4 pack,6.00
Schweppes,Zero Soft Drink Creamy Brown,1.1L,2.15
Schweppes,Lemonade Multipack Cans 375mL,10 pack,12.40
Kirks,Ginger Beer Multiple Cans 375mL,375mL,6.20
Coca Cola,No Sugar Caffeine Free Soft Drink,10 pack on special,8.60
Deep Spring,Orange Passionfruit Mineral Water 4x250mL,4 pack on special,5.10
Deep Spring,Lemon Lime Mineral Water 4x250mL,4 pack on special,5.10
Pepsi,Mini Multipack Cans 200mL,6 pack on special,5.00
Coca-Cola,Classic Coke Multipack Bottles 300mL,4 pack on special,5.00
Pepsi,Max Multipack Bottles 300mL,4 pack,5.90
Que,Cola No Sugar Soft Drink 12X375mL,12 pack new product,6.82
Schweppes,Traditional Raspberry Flavour Multipack Cans 375mL,10 pack,12.40
Kirks,Sugar Free Creaming Soda Multipack Cans 375mL,10 pack,6.20
Coles,Variety Pack Drinks Multipack Cans 375mL,24 pack everyday product,12.64
Mountain Dew,Energised Multipack Soft Drink Cans 375mL,24 Pack on special,14.70
Coca-Cola,No Sugar Coke Multipack Bottles 300mL,4 pack on special,5.00
Que Cola,Cola Multipack Cans 375mL,12 pack everyday product,6.82
Nexba,Soft Drink Pineapple,10 pack on special,8.70
Pepsi,Max Mango Soft Drink,1.25L,2.35
Schweppes,Sunkist Orange Crush Multipack Cans 375mL,10 pack,12.40
Kirks,Sugar Free Creaming Soda,1.25L,2.00
Schweppes,Sugar Free Lemonade,10 pack,11.05
Bundaberg,Ginger Beer Bottles 375mL,4 pack,6.35
Bundaberg,Ginger Beer Multipack Bottles 375mL,10 pack,14.95
Bundaberg,Spiced Ginger Beer Multipack Bottles 4x375mL,4 pack,6.35
Bundaberg,Diet Ginger Beer Multipack Bottles 375mL,10 pack,14.95
Schweppes,Tonic Water Mixers Multipack Bottles 300mL,4 pack,5.90
Schweppes,Bitter Lemon Flavour Mixer Bottles 300mL,4 pack,5.90
Schweppes,Dry Ginger Ale Zero Sugar Classic Mixers Multipack Bottles 300mL,4 pack,5.90
Schweppes,Lemon Lime & Bitters Classic Mixers Multipack Bottles 300mL,4 pack,5.90
Schweppes,Raspberry Flavour Multipack Bottles 300mL,4 pack,6.65
Schweppes,Lemon Lime Mineral Water,1.1L,2.15
Schweppes,Orange Mango Mineral Water,1.1L,2.15
Schweppes,Blood Orange and Passionfruit Flavour Drink,1.1L,2.15
Schweppes,Lemonade Bottles 300mL,4 pack,5.90
Schweppes,Mexican Lime Signature Soft Drink Bottle 300mL,4 pack,6.65
Bundaberg,Lemon Lime & Bitters Multipack Bottles 375mL,4 pack,6.35
Bundaberg,Diet Ginger Beer Multipack Bottles 375mL,4 pack,6.35
Bundaberg,Passionfruit Flavour Sparkling Drink Multipack Bottles 375mL,4 pack,6.35
Schweppes,Mixers Soda Water Multipack Bottles 300mL,4 pack,5.90
Schweppes,Mixers Tonic Water Multipack Bottles 300mL,4 pack,5.90
Schweppes,Dry Ginger Ale Classic Mixers Multipack Bottles 300mL,4 pack,5.90
Cascade,Mini Mixers Lemon, Lime & Bitters Multipack Cans 200mL,4 pack,4.40
Bundaberg,Tropical Mango Flavour Sparkling Drink Multipack Bottles 375mL,4 pack,6.35
Bundaberg,Guava Flavoured Sparkling Drink Multipack Bottles 375mL,4 pack,6.35
Cascade,Soda Water & Lime Multipack Mini Cans 200mL,4 Pack,4.40
Schweppes,Tonic Water Zero Sugar Mixers,1.1L,2.15
Schweppes,Zero Sugar Ginger Ale Mixers,1.1L,2.15
Schweppes,Agrum No Sugar Mixers,1.1L,2.15
Coles,Soda Water Mixers 4x300mL,4 pack everyday product,3.44
Schweppes,Dry Ginger Ale,1.1L,2.15
Schweppes,Tonic Water Mixers,1.1L,2.15
Schweppes,Soda Water,1.1L,2.15
Schweppes,Lemon Lime & Bitter No Sugar Mixers,1.1L,2.15
Coles,Soda Water,2L everyday product,1.45
Coles,Tonic Water,1.25L everyday product,1.00
Coles,Dry Ginger Ale,1.25L everyday product,1.00
Schweppes,Lime Flavour Soda Water With Lime Juice,1.1L,2.15
Coles,Mixer Diet Tonic Water,1.25L everyday product,1.00
Coles,Diet Dry Ginger Ale Sparkling Mixer,1.25L everyday product,1.00
Schweppes,Signature Series Tonic Bottle 300mL,4 pack,6.65
Great Northern,Zero Can 6x375mL,6 pack new product,12.00
Mcguigan,Alcohol Free Zero Shiraz,750mL,11.50
Bundaberg,Sarsaparilla Multipack Bottles 375mL,4 pack,6.35
Bundaberg,Ginger Beer Multipack Cans 200mL,6 pack,6.90
Bundaberg,Ginger Beer Bottle,750mL,3.15
Bundaberg,Peach Brewed Drink Bottle 375mL,4 pack,6.35
Capi,Dry Tonic Water,4 pack on special,7.60
Schweppes,Signature Series Tonic Diet 4x300mL,4 pack,6.65
Bundaberg,Ginger Beer Passionfruit 6x200mL,6 pack new product,6.90
Fever-Tree,Mediterranean Tonic Water Multipack 4x200mL,4 pack on special,6.00
Capi,Low Sugar Tonic Water,750 ML new product,3.90
Fever-Tree,Premium Indian Tonic Water Multipack 4x200mL,4 pack on special,6.00
Schweppes,Mixers Zero Sugar Blood Orange,1.1L,2.15
Bundaberg,Ginger Beer Lemon Lime Bitter 6x200mL,6 pack new product,6.90
Fever-Tree,Mediterranean Tonic Water,500mL,4.00
Schweppes,Agrum Blood Orange Mixers,1.1L,2.15
Bundaberg,Traditional Lemonade Multipack Bottles 375mL,4 pack,6.35
Bundaberg,Pineapple & Coconut Sparkling Drink Multipack Bottles 375mL,4 pack,6.35
Schweppes,Lemon Lime Bitters Soda Mixers,1.1L,2.15
Bundaberg,Burgundee Creaming Soda Multipack Bottles 375mL,4 pack,6.35
Fever-Tree,Premium Indian Tonic Water,500mL,4.00
Coles,Soda Water,1.25L everyday product,1.00
Fever-Tree,Premium Light Indian Tonic Water,500mL,4.00
Nexba,Classic No Sugar Tonic Water,1L,2.65
Bundaberg,Diet Lemon Lime & Bitters Flavoured Multipack Bottles 375mL,4 pack,6.35
Fever-Tree,Elderflower Tonic Water Multipack 4x200mL,4 pack on special,6.00
Schweppes,Signature Series Elderflower 4x300mL,4 pack,6.65
Schweppes,Lemon Lime Bitters No Sugar Mixers 4x300mL,4 pack,5.90
Tiger,Ginger Beer,750mL new product,2.20
Cascade,Mini Mixers Ginger Beer Can 200mL,4 Pack,4.40
Fever-Tree,Refreshingly Light Indian Tonic Water Multipack 4x200mL,4 pack on special,6.00
Saxby's,Diet Ginger Beer 375mL Bottles,4 pack on special,4.60
Saxby's,Ginger Beer 375mL Bottles,4 pack on special,4.60
Saxbys,Ginger Lime Bitters 4X375ML,4 pack on special,4.60
Carlton,Zero Cans 375mL,4 pack,7.55
Edenvale,Non Alcoholic Sparkling Cuvee Bottle,750mL,8.50
